ID,match percentage,mobile number,email
10,82.64,7995007965,
6,82.15,9606735684,
2,81.96,9964311884,
8,81.95,9791607530,
11,81.95,7022061282,
4,79.91,9600160629,
1,79.7,+9170753516,
7,76.58,8285702100,
9,75.24,8714414525,
3,74.96,9043226322,
5,66.65,9986376212,
